{
  "Sathvika_5.MOV": { "hr": 88.87622845748467, "snr": 0.01273191889344823 },
  "Thanuja_7.MOV": { "hr": 86.47171620325983, "snr": -0.0060497566731386775 },
  "Sanjai Balajee_21.MOV": {
    "hr": 67.98012277111957,
    "snr": 0.0026597416952590307
  },
  "Subankar_18.MOV": { "hr": 70.18815331010452, "snr": 0.011970572785262437 },
  "Samyuktha_14.MOV": { "hr": 94.63927376970854, "snr": 0.005551848223465385 },
  "Sajanitha_12.MOV": {
    "hr": 86.88741721854305,
    "snr": -0.0025326543763700207
  },
  "Priya_17.MOV": { "hr": 96.43979057591623, "snr": -0.013300413713163407 },
  "Aakarsh_10.MOV": { "hr": 80.2749445676275, "snr": 0.00242990231329114 },
  "Aarthi_15.MOV": { "hr": 76.34453781512602, "snr": -0.018009228476147193 },
  "Lakshmi_16.MOV": { "hr": 76.98341744772893, "snr": -0.01326194167147393 },
  "Rama DEVI_6.MOV": { "hr": 79.0912735533877, "snr": -0.011910335891972414 },
  "Jessica_9.MOV": { "hr": 83.98085159989925, "snr": -0.013124967841761098 },
  "Srilakshmi_2.MOV": { "hr": 77.60290556900726, "snr": 0.013785643772579424 },
  "Swaati_13.MOV": { "hr": 91.3599242513907, "snr": -0.006590809370508491 },
  "Udanthika_1.MOV": { "hr": 85.68950563746746, "snr": 0.03197866305372913 },
  "Nikilesh_11.MOV": { "hr": 64.38769284406868, "snr": -0.0019233779782851853 },
  "Sanjjit_20.MOV": { "hr": 89.68588277771092, "snr": -0.027685922567385467 },
  "Soorya_19.MOV": { "hr": 82.70647856458021, "snr": 0.017139579110798973 },
  "Shreyas_4.MOV": { "hr": 70.33728350045578, "snr": 0.00608296832520066 },
  "Swetha_3.MOV": { "hr": 85.52333804809054, "snr": 0.015956500368299705 }
}
