{
  "udanthika_dirt.mp4": {
    "hr": 82.08635578583764,
    "snr": -0.012864110771150829
  },
  "kanchana_maam_incorrect_position.mp4": {
    "hr": 71.07096774193549,  
    "snr": 0.000832377956089638,
    "ground_truth" : 65
    
  },
  "udanthika_correct_position.mp4": {
    "hr": 93.68978918855258,
    "snr": 0.0164885447191482
  },
  "udanthika_without_dirt.mp4": {
    "hr": 74.97915049551419,
    "snr": 0.008586402307454184
  },
  "udanthika_incorrect.mp4": {
    "hr": 93.55498721227625,
    "snr": 0.02189439199173612
  },
  "kanchana_maam_correct.mp4": {
    "hr": 71.30301719836334,
    "snr": -0.0015174351947263164,
    "ground_truth" : 65

  }
}
