{"bpm": 103.76865671641791, "ibi": 578.2092772384035, "sdnn": 69.57719739631975, "sdsd": 66.0067250950522, "rmssd": 92.44567545039288, "pnn20": 0.6666666666666666, "pnn50": 0.5, "hr_mad": 38.834951456310705, "sd1": 62.75313731283273, "sd2": 49.293029811416865, "s": 9717.864265564616, "sd1/sd2": 1.2730630994465335, "breathingrate": 0.1923076923076923}