{"bpm": 145.6451612903226, "ibi": 411.9601328903654, "sdnn": 107.96064325097622, "sdsd": 77.77209243003074, "rmssd": 171.47492226663044, "pnn20": 0.8333333333333334, "pnn50": 0.8333333333333334, "hr_mad": 79.734219269103, "sd1": 118.95357999978842, "sd2": 99.55697052339997, "s": 37204.80755302064, "sd1/sd2": 1.1948292457516017, "breathingrate": 0.2700513097488523}