{"bpm": 89.99999999999999, "ibi": 666.6666666666667, "sdnn": 112.48008813798022, "sdsd": 99.84902679368653, "rmssd": 142.0312242350855, "pnn20": 0.8571428571428571, "pnn50": 0.5714285714285714, "hr_mad": 40.404040404040416, "sd1": 96.86399103514232, "sd2": 96.34668965439302, "s": 29318.991611715785, "sd1/sd2": 1.005369166108404, "breathingrate": 0.28142589118198874}